{
  "src": [
    "sfx.webm",
    "sfx.mp3"
  ],
  "sprite": {
    "bleeeh": [
      0,
      841.7233560090704
    ],
    "blop": [
      2000,
      81.26984126984115
    ],
    "excited": [
      4000,
      2208.2539682539687
    ],
    "grin": [
      8000,
      2970.8616780045354
    ],
    "growl": [
      12000,
      1512.2675736961444
    ],
    "hello": [
      15000,
      1291.8367346938774
    ],
    "hmph": [
      18000,
      944.3083900226768
    ],
    "howling": [
      20000,
      5394.67120181406
    ],
    "humming": [
      27000,
      2000
    ],
    "laugh": [
      30000,
      1720.4535147392298
    ],
    "sadness": [
      33000,
      1219.138321995466
    ],
    "wrong": [
      36000,
      755.170068027212
    ],
    "yippee": [
      38000,
      1155.3514739229058
    ]
  }
}